{"nm":"newScene","ddd":0,"h":20,"w":47,"meta":{"g":"LottieFiles Figma v36"},"layers":[{"ty":4,"nm":"","sr":1,"st":0,"op":19.150000722380355,"ip":0,"hd":false,"ddd":0,"bm":0,"hasMask":false,"ao":0,"ks":{"a":{"a":1,"k":[{"o":{"x":0,"y":0},"i":{"x":1,"y":1},"s":[4,4],"t":0},{"o":{"x":0,"y":0},"i":{"x":1,"y":1},"s":[4,4],"t":0.03000000142492354},{"o":{"x":0,"y":0},"i":{"x":1,"y":1},"s":[4,4],"t":4.530000180238858},{"o":{"x":0,"y":0},"i":{"x":1,"y":1},"s":[4,4],"t":4.560000181663781},{"o":{"x":0,"y":0},"i":{"x":1,"y":1},"s":[4,4],"t":9.060000360477716},{"o":{"x":0,"y":0},"i":{"x":1,"y":1},"s":[4,4],"t":9.09000036190264},{"o":{"x":0,"y":0},"i":{"x":1,"y":1},"s":[4,4],"t":13.590000540716574},{"o":{"x":0,"y":0},"i":{"x":1,"y":1},"s":[4,4],"t":13.620000542141497},{"o":{"x":0,"y":0},"i":{"x":1,"y":1},"s":[4,4],"t":18.12000072095543},{"s":[4,4],"t":18.150000722380355}]},"s":{"a":1,"k":[{"o":{"x":0,"y":0},"i":{"x":1,"y":1},"s":[100,100],"t":0},{"o":{"x":0,"y":0},"i":{"x":1,"y":1},"s":[100,100],"t":0.03000000142492354},{"o":{"x":0,"y":0},"i":{"x":1,"y":1},"s":[100,100],"t":4.530000180238858},{"o":{"x":0,"y":0},"i":{"x":1,"y":1},"s":[100,100],"t":4.560000181663781},{"o":{"x":0,"y":0},"i":{"x":1,"y":1},"s":[100,100],"t":9.060000360477716},{"o":{"x":0,"y":0},"i":{"x":1,"y":1},"s":[100,100],"t":9.09000036190264},{"o":{"x":0,"y":0},"i":{"x":1,"y":1},"s":[100,100],"t":13.590000540716574},{"o":{"x":0,"y":0},"i":{"x":1,"y":1},"s":[100,100],"t":13.620000542141497},{"o":{"x":0,"y":0},"i":{"x":1,"y":1},"s":[100,100],"t":18.12000072095543},{"s":[100,100],"t":18.150000722380355}]},"sk":{"a":0,"k":0},"p":{"a":1,"k":[{"o":{"x":0,"y":0},"i":{"x":1,"y":1},"s":[43,10],"t":0},{"o":{"x":0,"y":0},"i":{"x":1,"y":1},"s":[43,10],"t":0.03000000142492354},{"o":{"x":0,"y":0},"i":{"x":1,"y":1},"s":[43,10],"t":4.530000180238858},{"o":{"x":0,"y":0},"i":{"x":1,"y":1},"s":[43,10],"t":4.560000181663781},{"o":{"x":0,"y":0},"i":{"x":1,"y":1},"s":[43,16],"t":9.060000360477716},{"o":{"x":0,"y":0},"i":{"x":1,"y":1},"s":[43,16],"t":9.09000036190264},{"o":{"x":0,"y":0},"i":{"x":1,"y":1},"s":[43,4],"t":13.590000540716574},{"o":{"x":0,"y":0},"i":{"x":1,"y":1},"s":[43,4],"t":13.620000542141497},{"o":{"x":0,"y":0},"i":{"x":1,"y":1},"s":[43,10],"t":18.12000072095543},{"s":[43,10],"t":18.150000722380355}]},"r":{"a":1,"k":[{"o":{"x":0,"y":0},"i":{"x":1,"y":1},"s":[0],"t":0},{"o":{"x":0,"y":0},"i":{"x":1,"y":1},"s":[0],"t":0.03000000142492354},{"o":{"x":0,"y":0},"i":{"x":1,"y":1},"s":[0],"t":4.530000180238858},{"o":{"x":0,"y":0},"i":{"x":1,"y":1},"s":[0],"t":4.560000181663781},{"o":{"x":0,"y":0},"i":{"x":1,"y":1},"s":[0],"t":9.060000360477716},{"o":{"x":0,"y":0},"i":{"x":1,"y":1},"s":[0],"t":9.09000036190264},{"o":{"x":0,"y":0},"i":{"x":1,"y":1},"s":[0],"t":13.590000540716574},{"o":{"x":0,"y":0},"i":{"x":1,"y":1},"s":[0],"t":13.620000542141497},{"o":{"x":0,"y":0},"i":{"x":1,"y":1},"s":[0],"t":18.12000072095543},{"s":[0],"t":18.150000722380355}]},"sa":{"a":0,"k":0},"o":{"a":1,"k":[{"o":{"x":0,"y":0},"i":{"x":1,"y":1},"s":[100],"t":0},{"o":{"x":0,"y":0},"i":{"x":1,"y":1},"s":[100],"t":0.03000000142492354},{"o":{"x":0,"y":0},"i":{"x":1,"y":1},"s":[100],"t":4.530000180238858},{"o":{"x":0,"y":0},"i":{"x":1,"y":1},"s":[100],"t":4.560000181663781},{"o":{"x":0,"y":0},"i":{"x":1,"y":1},"s":[100],"t":9.060000360477716},{"o":{"x":0,"y":0},"i":{"x":1,"y":1},"s":[100],"t":9.09000036190264},{"o":{"x":0,"y":0},"i":{"x":1,"y":1},"s":[100],"t":13.590000540716574},{"o":{"x":0,"y":0},"i":{"x":1,"y":1},"s":[100],"t":13.620000542141497},{"o":{"x":0,"y":0},"i":{"x":1,"y":1},"s":[100],"t":18.12000072095543},{"s":[100],"t":18.150000722380355}]}},"ef":[],"shapes":[{"ty":"sh","bm":0,"hd":false,"nm":"","d":1,"ks":{"a":1,"k":[{"o":{"x":0,"y":0},"i":{"x":1,"y":1},"s":[{"c":true,"i":[[1.79,0],[8,1.79],[6.21,8],[0,6.21]],"o":[[6.21,0],[8,6.21],[1.79,8],[0,1.79]],"v":[[4,0],[8,4],[4,8],[0,4]]}],"t":0},{"o":{"x":0,"y":0},"i":{"x":1,"y":1},"s":[{"c":true,"i":[[1.79,0],[8,1.79],[6.21,8],[0,6.21]],"o":[[6.21,0],[8,6.21],[1.79,8],[0,1.79]],"v":[[4,0],[8,4],[4,8],[0,4]]}],"t":0.03000000142492354},{"o":{"x":0,"y":0},"i":{"x":1,"y":1},"s":[{"c":true,"i":[[1.79,0],[8,1.79],[6.21,8],[0,6.21]],"o":[[6.21,0],[8,6.21],[1.79,8],[0,1.79]],"v":[[4,0],[8,4],[4,8],[0,4]]}],"t":4.530000180238858},{"o":{"x":0,"y":0},"i":{"x":1,"y":1},"s":[{"c":true,"i":[[1.79,0],[8,1.79],[6.21,8],[0,6.21]],"o":[[6.21,0],[8,6.21],[1.79,8],[0,1.79]],"v":[[4,0],[8,4],[4,8],[0,4]]}],"t":4.560000181663781},{"o":{"x":0,"y":0},"i":{"x":1,"y":1},"s":[{"c":true,"i":[[1.79,0],[8,1.79],[6.21,8],[0,6.21]],"o":[[6.21,0],[8,6.21],[1.79,8],[0,1.79]],"v":[[4,0],[8,4],[4,8],[0,4]]}],"t":9.060000360477716},{"o":{"x":0,"y":0},"i":{"x":1,"y":1},"s":[{"c":true,"i":[[1.79,0],[8,1.79],[6.21,8],[0,6.21]],"o":[[6.21,0],[8,6.21],[1.79,8],[0,1.79]],"v":[[4,0],[8,4],[4,8],[0,4]]}],"t":9.09000036190264},{"o":{"x":0,"y":0},"i":{"x":1,"y":1},"s":[{"c":true,"i":[[1.79,0],[8,1.79],[6.21,8],[0,6.21]],"o":[[6.21,0],[8,6.21],[1.79,8],[0,1.79]],"v":[[4,0],[8,4],[4,8],[0,4]]}],"t":13.590000540716574},{"o":{"x":0,"y":0},"i":{"x":1,"y":1},"s":[{"c":true,"i":[[1.79,0],[8,1.79],[6.21,8],[0,6.21]],"o":[[6.21,0],[8,6.21],[1.79,8],[0,1.79]],"v":[[4,0],[8,4],[4,8],[0,4]]}],"t":13.620000542141497},{"o":{"x":0,"y":0},"i":{"x":1,"y":1},"s":[{"c":true,"i":[[1.79,0],[8,1.79],[6.21,8],[0,6.21]],"o":[[6.21,0],[8,6.21],[1.79,8],[0,1.79]],"v":[[4,0],[8,4],[4,8],[0,4]]}],"t":18.12000072095543},{"s":[{"c":true,"i":[[1.79,0],[8,1.79],[6.21,8],[0,6.21]],"o":[[6.21,0],[8,6.21],[1.79,8],[0,1.79]],"v":[[4,0],[8,4],[4,8],[0,4]]}],"t":18.150000722380355}]},"_render":true},{"ty":"fl","bm":0,"hd":false,"nm":"","c":{"a":1,"k":[{"o":{"x":0,"y":0},"i":{"x":1,"y":1},"s":[1,0.2353,0,1],"t":0},{"o":{"x":0,"y":0},"i":{"x":1,"y":1},"s":[1,0.2353,0,1],"t":0.03000000142492354},{"o":{"x":0,"y":0},"i":{"x":1,"y":1},"s":[1,0.2353,0,1],"t":4.530000180238858},{"o":{"x":0,"y":0},"i":{"x":1,"y":1},"s":[1,0.2353,0,1],"t":4.560000181663781},{"o":{"x":0,"y":0},"i":{"x":1,"y":1},"s":[1,0.2353,0,1],"t":9.060000360477716},{"o":{"x":0,"y":0},"i":{"x":1,"y":1},"s":[1,0.2353,0,1],"t":9.09000036190264},{"o":{"x":0,"y":0},"i":{"x":1,"y":1},"s":[1,0.2353,0,1],"t":13.590000540716574},{"o":{"x":0,"y":0},"i":{"x":1,"y":1},"s":[1,0.2353,0,1],"t":13.620000542141497},{"o":{"x":0,"y":0},"i":{"x":1,"y":1},"s":[1,0.2353,0,1],"t":18.12000072095543},{"s":[1,0.2353,0,1],"t":18.150000722380355}]},"r":1,"o":{"a":1,"k":[{"o":{"x":0,"y":0},"i":{"x":1,"y":1},"s":[100],"t":0},{"o":{"x":0,"y":0},"i":{"x":1,"y":1},"s":[100],"t":0.03000000142492354},{"o":{"x":0,"y":0},"i":{"x":1,"y":1},"s":[100],"t":4.530000180238858},{"o":{"x":0,"y":0},"i":{"x":1,"y":1},"s":[100],"t":4.560000181663781},{"o":{"x":0,"y":0},"i":{"x":1,"y":1},"s":[100],"t":9.060000360477716},{"o":{"x":0,"y":0},"i":{"x":1,"y":1},"s":[100],"t":9.09000036190264},{"o":{"x":0,"y":0},"i":{"x":1,"y":1},"s":[100],"t":13.590000540716574},{"o":{"x":0,"y":0},"i":{"x":1,"y":1},"s":[100],"t":13.620000542141497},{"o":{"x":0,"y":0},"i":{"x":1,"y":1},"s":[100],"t":18.12000072095543},{"s":[100],"t":18.150000722380355}]},"_render":true}],"ind":1,"completed":true},{"ty":4,"nm":"","sr":1,"st":0,"op":19.150000722380355,"ip":0,"hd":false,"ddd":0,"bm":0,"hasMask":false,"ao":0,"ks":{"a":{"a":1,"k":[{"o":{"x":0,"y":0},"i":{"x":1,"y":1},"s":[4,4],"t":0},{"o":{"x":0,"y":0},"i":{"x":1,"y":1},"s":[4,4],"t":0.03000000142492354},{"o":{"x":0,"y":0},"i":{"x":1,"y":1},"s":[4,4],"t":4.530000180238858},{"o":{"x":0,"y":0},"i":{"x":1,"y":1},"s":[4,4],"t":4.560000181663781},{"o":{"x":0,"y":0},"i":{"x":1,"y":1},"s":[4,4],"t":9.060000360477716},{"o":{"x":0,"y":0},"i":{"x":1,"y":1},"s":[4,4],"t":9.09000036190264},{"o":{"x":0,"y":0},"i":{"x":1,"y":1},"s":[4,4],"t":13.590000540716574},{"o":{"x":0,"y":0},"i":{"x":1,"y":1},"s":[4,4],"t":13.620000542141497},{"o":{"x":0,"y":0},"i":{"x":1,"y":1},"s":[4,4],"t":18.12000072095543},{"s":[4,4],"t":18.150000722380355}]},"s":{"a":1,"k":[{"o":{"x":0,"y":0},"i":{"x":1,"y":1},"s":[100,100],"t":0},{"o":{"x":0,"y":0},"i":{"x":1,"y":1},"s":[100,100],"t":0.03000000142492354},{"o":{"x":0,"y":0},"i":{"x":1,"y":1},"s":[100,100],"t":4.530000180238858},{"o":{"x":0,"y":0},"i":{"x":1,"y":1},"s":[100,100],"t":4.560000181663781},{"o":{"x":0,"y":0},"i":{"x":1,"y":1},"s":[100,100],"t":9.060000360477716},{"o":{"x":0,"y":0},"i":{"x":1,"y":1},"s":[100,100],"t":9.09000036190264},{"o":{"x":0,"y":0},"i":{"x":1,"y":1},"s":[100,100],"t":13.590000540716574},{"o":{"x":0,"y":0},"i":{"x":1,"y":1},"s":[100,100],"t":13.620000542141497},{"o":{"x":0,"y":0},"i":{"x":1,"y":1},"s":[100,100],"t":18.12000072095543},{"s":[100,100],"t":18.150000722380355}]},"sk":{"a":0,"k":0},"p":{"a":1,"k":[{"o":{"x":0,"y":0},"i":{"x":1,"y":1},"s":[30,10],"t":0},{"o":{"x":0,"y":0},"i":{"x":1,"y":1},"s":[30,10],"t":0.03000000142492354},{"o":{"x":0,"y":0},"i":{"x":1,"y":1},"s":[30,16],"t":4.530000180238858},{"o":{"x":0,"y":0},"i":{"x":1,"y":1},"s":[30,16],"t":4.560000181663781},{"o":{"x":0,"y":0},"i":{"x":1,"y":1},"s":[30,4],"t":9.060000360477716},{"o":{"x":0,"y":0},"i":{"x":1,"y":1},"s":[30,4],"t":9.09000036190264},{"o":{"x":0,"y":0},"i":{"x":1,"y":1},"s":[30,16],"t":13.590000540716574},{"o":{"x":0,"y":0},"i":{"x":1,"y":1},"s":[30,16],"t":13.620000542141497},{"o":{"x":0,"y":0},"i":{"x":1,"y":1},"s":[30,10],"t":18.12000072095543},{"s":[30,10],"t":18.150000722380355}]},"r":{"a":1,"k":[{"o":{"x":0,"y":0},"i":{"x":1,"y":1},"s":[0],"t":0},{"o":{"x":0,"y":0},"i":{"x":1,"y":1},"s":[0],"t":0.03000000142492354},{"o":{"x":0,"y":0},"i":{"x":1,"y":1},"s":[0],"t":4.530000180238858},{"o":{"x":0,"y":0},"i":{"x":1,"y":1},"s":[0],"t":4.560000181663781},{"o":{"x":0,"y":0},"i":{"x":1,"y":1},"s":[0],"t":9.060000360477716},{"o":{"x":0,"y":0},"i":{"x":1,"y":1},"s":[0],"t":9.09000036190264},{"o":{"x":0,"y":0},"i":{"x":1,"y":1},"s":[0],"t":13.590000540716574},{"o":{"x":0,"y":0},"i":{"x":1,"y":1},"s":[0],"t":13.620000542141497},{"o":{"x":0,"y":0},"i":{"x":1,"y":1},"s":[0],"t":18.12000072095543},{"s":[0],"t":18.150000722380355}]},"sa":{"a":0,"k":0},"o":{"a":1,"k":[{"o":{"x":0,"y":0},"i":{"x":1,"y":1},"s":[100],"t":0},{"o":{"x":0,"y":0},"i":{"x":1,"y":1},"s":[100],"t":0.03000000142492354},{"o":{"x":0,"y":0},"i":{"x":1,"y":1},"s":[100],"t":4.530000180238858},{"o":{"x":0,"y":0},"i":{"x":1,"y":1},"s":[100],"t":4.560000181663781},{"o":{"x":0,"y":0},"i":{"x":1,"y":1},"s":[100],"t":9.060000360477716},{"o":{"x":0,"y":0},"i":{"x":1,"y":1},"s":[100],"t":9.09000036190264},{"o":{"x":0,"y":0},"i":{"x":1,"y":1},"s":[100],"t":13.590000540716574},{"o":{"x":0,"y":0},"i":{"x":1,"y":1},"s":[100],"t":13.620000542141497},{"o":{"x":0,"y":0},"i":{"x":1,"y":1},"s":[100],"t":18.12000072095543},{"s":[100],"t":18.150000722380355}]}},"ef":[],"shapes":[{"ty":"sh","bm":0,"hd":false,"nm":"","d":1,"ks":{"a":1,"k":[{"o":{"x":0,"y":0},"i":{"x":1,"y":1},"s":[{"c":true,"i":[[1.79,0],[8,1.79],[6.21,8],[0,6.21]],"o":[[6.21,0],[8,6.21],[1.79,8],[0,1.79]],"v":[[4,0],[8,4],[4,8],[0,4]]}],"t":0},{"o":{"x":0,"y":0},"i":{"x":1,"y":1},"s":[{"c":true,"i":[[1.79,0],[8,1.79],[6.21,8],[0,6.21]],"o":[[6.21,0],[8,6.21],[1.79,8],[0,1.79]],"v":[[4,0],[8,4],[4,8],[0,4]]}],"t":0.03000000142492354},{"o":{"x":0,"y":0},"i":{"x":1,"y":1},"s":[{"c":true,"i":[[1.79,0],[8,1.79],[6.21,8],[0,6.21]],"o":[[6.21,0],[8,6.21],[1.79,8],[0,1.79]],"v":[[4,0],[8,4],[4,8],[0,4]]}],"t":4.530000180238858},{"o":{"x":0,"y":0},"i":{"x":1,"y":1},"s":[{"c":true,"i":[[1.79,0],[8,1.79],[6.21,8],[0,6.21]],"o":[[6.21,0],[8,6.21],[1.79,8],[0,1.79]],"v":[[4,0],[8,4],[4,8],[0,4]]}],"t":4.560000181663781},{"o":{"x":0,"y":0},"i":{"x":1,"y":1},"s":[{"c":true,"i":[[1.79,0],[8,1.79],[6.21,8],[0,6.21]],"o":[[6.21,0],[8,6.21],[1.79,8],[0,1.79]],"v":[[4,0],[8,4],[4,8],[0,4]]}],"t":9.060000360477716},{"o":{"x":0,"y":0},"i":{"x":1,"y":1},"s":[{"c":true,"i":[[1.79,0],[8,1.79],[6.21,8],[0,6.21]],"o":[[6.21,0],[8,6.21],[1.79,8],[0,1.79]],"v":[[4,0],[8,4],[4,8],[0,4]]}],"t":9.09000036190264},{"o":{"x":0,"y":0},"i":{"x":1,"y":1},"s":[{"c":true,"i":[[1.79,0],[8,1.79],[6.21,8],[0,6.21]],"o":[[6.21,0],[8,6.21],[1.79,8],[0,1.79]],"v":[[4,0],[8,4],[4,8],[0,4]]}],"t":13.590000540716574},{"o":{"x":0,"y":0},"i":{"x":1,"y":1},"s":[{"c":true,"i":[[1.79,0],[8,1.79],[6.21,8],[0,6.21]],"o":[[6.21,0],[8,6.21],[1.79,8],[0,1.79]],"v":[[4,0],[8,4],[4,8],[0,4]]}],"t":13.620000542141497},{"o":{"x":0,"y":0},"i":{"x":1,"y":1},"s":[{"c":true,"i":[[1.79,0],[8,1.79],[6.21,8],[0,6.21]],"o":[[6.21,0],[8,6.21],[1.79,8],[0,1.79]],"v":[[4,0],[8,4],[4,8],[0,4]]}],"t":18.12000072095543},{"s":[{"c":true,"i":[[1.79,0],[8,1.79],[6.21,8],[0,6.21]],"o":[[6.21,0],[8,6.21],[1.79,8],[0,1.79]],"v":[[4,0],[8,4],[4,8],[0,4]]}],"t":18.150000722380355}]},"_render":true},{"ty":"fl","bm":0,"hd":false,"nm":"","c":{"a":1,"k":[{"o":{"x":0,"y":0},"i":{"x":1,"y":1},"s":[0.2627,0.102,0,1],"t":0},{"o":{"x":0,"y":0},"i":{"x":1,"y":1},"s":[0.2627,0.102,0,1],"t":0.03000000142492354},{"o":{"x":0,"y":0},"i":{"x":1,"y":1},"s":[0.2627,0.102,0,1],"t":4.530000180238858},{"o":{"x":0,"y":0},"i":{"x":1,"y":1},"s":[0.2627,0.102,0,1],"t":4.560000181663781},{"o":{"x":0,"y":0},"i":{"x":1,"y":1},"s":[0.2627,0.102,0,1],"t":9.060000360477716},{"o":{"x":0,"y":0},"i":{"x":1,"y":1},"s":[0.2627,0.102,0,1],"t":9.09000036190264},{"o":{"x":0,"y":0},"i":{"x":1,"y":1},"s":[0.2627,0.102,0,1],"t":13.590000540716574},{"o":{"x":0,"y":0},"i":{"x":1,"y":1},"s":[0.2627,0.102,0,1],"t":13.620000542141497},{"o":{"x":0,"y":0},"i":{"x":1,"y":1},"s":[0.2627,0.102,0,1],"t":18.12000072095543},{"s":[0.2627,0.102,0,1],"t":18.150000722380355}]},"r":1,"o":{"a":1,"k":[{"o":{"x":0,"y":0},"i":{"x":1,"y":1},"s":[100],"t":0},{"o":{"x":0,"y":0},"i":{"x":1,"y":1},"s":[100],"t":0.03000000142492354},{"o":{"x":0,"y":0},"i":{"x":1,"y":1},"s":[100],"t":4.530000180238858},{"o":{"x":0,"y":0},"i":{"x":1,"y":1},"s":[100],"t":4.560000181663781},{"o":{"x":0,"y":0},"i":{"x":1,"y":1},"s":[100],"t":9.060000360477716},{"o":{"x":0,"y":0},"i":{"x":1,"y":1},"s":[100],"t":9.09000036190264},{"o":{"x":0,"y":0},"i":{"x":1,"y":1},"s":[100],"t":13.590000540716574},{"o":{"x":0,"y":0},"i":{"x":1,"y":1},"s":[100],"t":13.620000542141497},{"o":{"x":0,"y":0},"i":{"x":1,"y":1},"s":[100],"t":18.12000072095543},{"s":[100],"t":18.150000722380355}]},"_render":true}],"ind":2,"completed":true},{"ty":4,"nm":"","sr":1,"st":0,"op":19.150000722380355,"ip":0,"hd":false,"ddd":0,"bm":0,"hasMask":false,"ao":0,"ks":{"a":{"a":1,"k":[{"o":{"x":0,"y":0},"i":{"x":1,"y":1},"s":[4,4],"t":0},{"o":{"x":0,"y":0},"i":{"x":1,"y":1},"s":[4,4],"t":0.03000000142492354},{"o":{"x":0,"y":0},"i":{"x":1,"y":1},"s":[4,4],"t":4.530000180238858},{"o":{"x":0,"y":0},"i":{"x":1,"y":1},"s":[4,4],"t":4.560000181663781},{"o":{"x":0,"y":0},"i":{"x":1,"y":1},"s":[4,4],"t":9.060000360477716},{"o":{"x":0,"y":0},"i":{"x":1,"y":1},"s":[4,4],"t":9.09000036190264},{"o":{"x":0,"y":0},"i":{"x":1,"y":1},"s":[4,4],"t":13.590000540716574},{"o":{"x":0,"y":0},"i":{"x":1,"y":1},"s":[4,4],"t":13.620000542141497},{"o":{"x":0,"y":0},"i":{"x":1,"y":1},"s":[4,4],"t":18.12000072095543},{"s":[4,4],"t":18.150000722380355}]},"s":{"a":1,"k":[{"o":{"x":0,"y":0},"i":{"x":1,"y":1},"s":[100,100],"t":0},{"o":{"x":0,"y":0},"i":{"x":1,"y":1},"s":[100,100],"t":0.03000000142492354},{"o":{"x":0,"y":0},"i":{"x":1,"y":1},"s":[100,100],"t":4.530000180238858},{"o":{"x":0,"y":0},"i":{"x":1,"y":1},"s":[100,100],"t":4.560000181663781},{"o":{"x":0,"y":0},"i":{"x":1,"y":1},"s":[100,100],"t":9.060000360477716},{"o":{"x":0,"y":0},"i":{"x":1,"y":1},"s":[100,100],"t":9.09000036190264},{"o":{"x":0,"y":0},"i":{"x":1,"y":1},"s":[100,100],"t":13.590000540716574},{"o":{"x":0,"y":0},"i":{"x":1,"y":1},"s":[100,100],"t":13.620000542141497},{"o":{"x":0,"y":0},"i":{"x":1,"y":1},"s":[100,100],"t":18.12000072095543},{"s":[100,100],"t":18.150000722380355}]},"sk":{"a":0,"k":0},"p":{"a":1,"k":[{"o":{"x":0,"y":0},"i":{"x":1,"y":1},"s":[17,10],"t":0},{"o":{"x":0,"y":0},"i":{"x":1,"y":1},"s":[17,10],"t":0.03000000142492354},{"o":{"x":0,"y":0},"i":{"x":1,"y":1},"s":[17,10],"t":4.530000180238858},{"o":{"x":0,"y":0},"i":{"x":1,"y":1},"s":[17,10],"t":4.560000181663781},{"o":{"x":0,"y":0},"i":{"x":1,"y":1},"s":[17,4],"t":9.060000360477716},{"o":{"x":0,"y":0},"i":{"x":1,"y":1},"s":[17,4],"t":9.09000036190264},{"o":{"x":0,"y":0},"i":{"x":1,"y":1},"s":[17,10],"t":13.590000540716574},{"o":{"x":0,"y":0},"i":{"x":1,"y":1},"s":[17,10],"t":13.620000542141497},{"o":{"x":0,"y":0},"i":{"x":1,"y":1},"s":[17,10],"t":18.12000072095543},{"s":[17,10],"t":18.150000722380355}]},"r":{"a":1,"k":[{"o":{"x":0,"y":0},"i":{"x":1,"y":1},"s":[0],"t":0},{"o":{"x":0,"y":0},"i":{"x":1,"y":1},"s":[0],"t":0.03000000142492354},{"o":{"x":0,"y":0},"i":{"x":1,"y":1},"s":[0],"t":4.530000180238858},{"o":{"x":0,"y":0},"i":{"x":1,"y":1},"s":[0],"t":4.560000181663781},{"o":{"x":0,"y":0},"i":{"x":1,"y":1},"s":[0],"t":9.060000360477716},{"o":{"x":0,"y":0},"i":{"x":1,"y":1},"s":[0],"t":9.09000036190264},{"o":{"x":0,"y":0},"i":{"x":1,"y":1},"s":[0],"t":13.590000540716574},{"o":{"x":0,"y":0},"i":{"x":1,"y":1},"s":[0],"t":13.620000542141497},{"o":{"x":0,"y":0},"i":{"x":1,"y":1},"s":[0],"t":18.12000072095543},{"s":[0],"t":18.150000722380355}]},"sa":{"a":0,"k":0},"o":{"a":1,"k":[{"o":{"x":0,"y":0},"i":{"x":1,"y":1},"s":[100],"t":0},{"o":{"x":0,"y":0},"i":{"x":1,"y":1},"s":[100],"t":0.03000000142492354},{"o":{"x":0,"y":0},"i":{"x":1,"y":1},"s":[100],"t":4.530000180238858},{"o":{"x":0,"y":0},"i":{"x":1,"y":1},"s":[100],"t":4.560000181663781},{"o":{"x":0,"y":0},"i":{"x":1,"y":1},"s":[100],"t":9.060000360477716},{"o":{"x":0,"y":0},"i":{"x":1,"y":1},"s":[100],"t":9.09000036190264},{"o":{"x":0,"y":0},"i":{"x":1,"y":1},"s":[100],"t":13.590000540716574},{"o":{"x":0,"y":0},"i":{"x":1,"y":1},"s":[100],"t":13.620000542141497},{"o":{"x":0,"y":0},"i":{"x":1,"y":1},"s":[100],"t":18.12000072095543},{"s":[100],"t":18.150000722380355}]}},"ef":[],"shapes":[{"ty":"sh","bm":0,"hd":false,"nm":"","d":1,"ks":{"a":1,"k":[{"o":{"x":0,"y":0},"i":{"x":1,"y":1},"s":[{"c":true,"i":[[1.79,0],[8,1.79],[6.21,8],[0,6.21]],"o":[[6.21,0],[8,6.21],[1.79,8],[0,1.79]],"v":[[4,0],[8,4],[4,8],[0,4]]}],"t":0},{"o":{"x":0,"y":0},"i":{"x":1,"y":1},"s":[{"c":true,"i":[[1.79,0],[8,1.79],[6.21,8],[0,6.21]],"o":[[6.21,0],[8,6.21],[1.79,8],[0,1.79]],"v":[[4,0],[8,4],[4,8],[0,4]]}],"t":0.03000000142492354},{"o":{"x":0,"y":0},"i":{"x":1,"y":1},"s":[{"c":true,"i":[[1.79,0],[8,1.79],[6.21,8],[0,6.21]],"o":[[6.21,0],[8,6.21],[1.79,8],[0,1.79]],"v":[[4,0],[8,4],[4,8],[0,4]]}],"t":4.530000180238858},{"o":{"x":0,"y":0},"i":{"x":1,"y":1},"s":[{"c":true,"i":[[1.79,0],[8,1.79],[6.21,8],[0,6.21]],"o":[[6.21,0],[8,6.21],[1.79,8],[0,1.79]],"v":[[4,0],[8,4],[4,8],[0,4]]}],"t":4.560000181663781},{"o":{"x":0,"y":0},"i":{"x":1,"y":1},"s":[{"c":true,"i":[[1.79,0],[8,1.79],[6.21,8],[0,6.21]],"o":[[6.21,0],[8,6.21],[1.79,8],[0,1.79]],"v":[[4,0],[8,4],[4,8],[0,4]]}],"t":9.060000360477716},{"o":{"x":0,"y":0},"i":{"x":1,"y":1},"s":[{"c":true,"i":[[1.79,0],[8,1.79],[6.21,8],[0,6.21]],"o":[[6.21,0],[8,6.21],[1.79,8],[0,1.79]],"v":[[4,0],[8,4],[4,8],[0,4]]}],"t":9.09000036190264},{"o":{"x":0,"y":0},"i":{"x":1,"y":1},"s":[{"c":true,"i":[[1.79,0],[8,1.79],[6.21,8],[0,6.21]],"o":[[6.21,0],[8,6.21],[1.79,8],[0,1.79]],"v":[[4,0],[8,4],[4,8],[0,4]]}],"t":13.590000540716574},{"o":{"x":0,"y":0},"i":{"x":1,"y":1},"s":[{"c":true,"i":[[1.79,0],[8,1.79],[6.21,8],[0,6.21]],"o":[[6.21,0],[8,6.21],[1.79,8],[0,1.79]],"v":[[4,0],[8,4],[4,8],[0,4]]}],"t":13.620000542141497},{"o":{"x":0,"y":0},"i":{"x":1,"y":1},"s":[{"c":true,"i":[[1.79,0],[8,1.79],[6.21,8],[0,6.21]],"o":[[6.21,0],[8,6.21],[1.79,8],[0,1.79]],"v":[[4,0],[8,4],[4,8],[0,4]]}],"t":18.12000072095543},{"s":[{"c":true,"i":[[1.79,0],[8,1.79],[6.21,8],[0,6.21]],"o":[[6.21,0],[8,6.21],[1.79,8],[0,1.79]],"v":[[4,0],[8,4],[4,8],[0,4]]}],"t":18.150000722380355}]},"_render":true},{"ty":"fl","bm":0,"hd":false,"nm":"","c":{"a":1,"k":[{"o":{"x":0,"y":0},"i":{"x":1,"y":1},"s":[1,0.519,0.22,1],"t":0},{"o":{"x":0,"y":0},"i":{"x":1,"y":1},"s":[1,0.519,0.22,1],"t":0.03000000142492354},{"o":{"x":0,"y":0},"i":{"x":1,"y":1},"s":[1,0.519,0.22,1],"t":4.530000180238858},{"o":{"x":0,"y":0},"i":{"x":1,"y":1},"s":[1,0.519,0.22,1],"t":4.560000181663781},{"o":{"x":0,"y":0},"i":{"x":1,"y":1},"s":[1,0.519,0.22,1],"t":9.060000360477716},{"o":{"x":0,"y":0},"i":{"x":1,"y":1},"s":[1,0.519,0.22,1],"t":9.09000036190264},{"o":{"x":0,"y":0},"i":{"x":1,"y":1},"s":[1,0.519,0.22,1],"t":13.590000540716574},{"o":{"x":0,"y":0},"i":{"x":1,"y":1},"s":[1,0.519,0.22,1],"t":13.620000542141497},{"o":{"x":0,"y":0},"i":{"x":1,"y":1},"s":[1,0.519,0.22,1],"t":18.12000072095543},{"s":[1,0.519,0.22,1],"t":18.150000722380355}]},"r":1,"o":{"a":1,"k":[{"o":{"x":0,"y":0},"i":{"x":1,"y":1},"s":[100],"t":0},{"o":{"x":0,"y":0},"i":{"x":1,"y":1},"s":[100],"t":0.03000000142492354},{"o":{"x":0,"y":0},"i":{"x":1,"y":1},"s":[100],"t":4.530000180238858},{"o":{"x":0,"y":0},"i":{"x":1,"y":1},"s":[100],"t":4.560000181663781},{"o":{"x":0,"y":0},"i":{"x":1,"y":1},"s":[100],"t":9.060000360477716},{"o":{"x":0,"y":0},"i":{"x":1,"y":1},"s":[100],"t":9.09000036190264},{"o":{"x":0,"y":0},"i":{"x":1,"y":1},"s":[100],"t":13.590000540716574},{"o":{"x":0,"y":0},"i":{"x":1,"y":1},"s":[100],"t":13.620000542141497},{"o":{"x":0,"y":0},"i":{"x":1,"y":1},"s":[100],"t":18.12000072095543},{"s":[100],"t":18.150000722380355}]},"_render":true}],"ind":3,"completed":true},{"ty":4,"nm":"","sr":1,"st":0,"op":19.150000722380355,"ip":0,"hd":false,"ddd":0,"bm":0,"hasMask":false,"ao":0,"ks":{"a":{"a":1,"k":[{"o":{"x":0,"y":0},"i":{"x":1,"y":1},"s":[4,4],"t":0},{"o":{"x":0,"y":0},"i":{"x":1,"y":1},"s":[4,4],"t":0.03000000142492354},{"o":{"x":0,"y":0},"i":{"x":1,"y":1},"s":[4,4],"t":4.530000180238858},{"o":{"x":0,"y":0},"i":{"x":1,"y":1},"s":[4,4],"t":4.560000181663781},{"o":{"x":0,"y":0},"i":{"x":1,"y":1},"s":[4,4],"t":9.060000360477716},{"o":{"x":0,"y":0},"i":{"x":1,"y":1},"s":[4,4],"t":9.09000036190264},{"o":{"x":0,"y":0},"i":{"x":1,"y":1},"s":[4,4],"t":13.590000540716574},{"o":{"x":0,"y":0},"i":{"x":1,"y":1},"s":[4,4],"t":13.620000542141497},{"o":{"x":0,"y":0},"i":{"x":1,"y":1},"s":[4,4],"t":18.12000072095543},{"s":[4,4],"t":18.150000722380355}]},"s":{"a":1,"k":[{"o":{"x":0,"y":0},"i":{"x":1,"y":1},"s":[100,100],"t":0},{"o":{"x":0,"y":0},"i":{"x":1,"y":1},"s":[100,100],"t":0.03000000142492354},{"o":{"x":0,"y":0},"i":{"x":1,"y":1},"s":[100,100],"t":4.530000180238858},{"o":{"x":0,"y":0},"i":{"x":1,"y":1},"s":[100,100],"t":4.560000181663781},{"o":{"x":0,"y":0},"i":{"x":1,"y":1},"s":[100,100],"t":9.060000360477716},{"o":{"x":0,"y":0},"i":{"x":1,"y":1},"s":[100,100],"t":9.09000036190264},{"o":{"x":0,"y":0},"i":{"x":1,"y":1},"s":[100,100],"t":13.590000540716574},{"o":{"x":0,"y":0},"i":{"x":1,"y":1},"s":[100,100],"t":13.620000542141497},{"o":{"x":0,"y":0},"i":{"x":1,"y":1},"s":[100,100],"t":18.12000072095543},{"s":[100,100],"t":18.150000722380355}]},"sk":{"a":0,"k":0},"p":{"a":1,"k":[{"o":{"x":0,"y":0},"i":{"x":1,"y":1},"s":[4,10],"t":0},{"o":{"x":0,"y":0},"i":{"x":1,"y":1},"s":[4,10],"t":0.03000000142492354},{"o":{"x":0,"y":0},"i":{"x":1,"y":1},"s":[4,4],"t":4.530000180238858},{"o":{"x":0,"y":0},"i":{"x":1,"y":1},"s":[4,4],"t":4.560000181663781},{"o":{"x":0,"y":0},"i":{"x":1,"y":1},"s":[4,10],"t":9.060000360477716},{"o":{"x":0,"y":0},"i":{"x":1,"y":1},"s":[4,10],"t":9.09000036190264},{"o":{"x":0,"y":0},"i":{"x":1,"y":1},"s":[4,16],"t":13.590000540716574},{"o":{"x":0,"y":0},"i":{"x":1,"y":1},"s":[4,16],"t":13.620000542141497},{"o":{"x":0,"y":0},"i":{"x":1,"y":1},"s":[4,10],"t":18.12000072095543},{"s":[4,10],"t":18.150000722380355}]},"r":{"a":1,"k":[{"o":{"x":0,"y":0},"i":{"x":1,"y":1},"s":[0],"t":0},{"o":{"x":0,"y":0},"i":{"x":1,"y":1},"s":[0],"t":0.03000000142492354},{"o":{"x":0,"y":0},"i":{"x":1,"y":1},"s":[0],"t":4.530000180238858},{"o":{"x":0,"y":0},"i":{"x":1,"y":1},"s":[0],"t":4.560000181663781},{"o":{"x":0,"y":0},"i":{"x":1,"y":1},"s":[0],"t":9.060000360477716},{"o":{"x":0,"y":0},"i":{"x":1,"y":1},"s":[0],"t":9.09000036190264},{"o":{"x":0,"y":0},"i":{"x":1,"y":1},"s":[0],"t":13.590000540716574},{"o":{"x":0,"y":0},"i":{"x":1,"y":1},"s":[0],"t":13.620000542141497},{"o":{"x":0,"y":0},"i":{"x":1,"y":1},"s":[0],"t":18.12000072095543},{"s":[0],"t":18.150000722380355}]},"sa":{"a":0,"k":0},"o":{"a":1,"k":[{"o":{"x":0,"y":0},"i":{"x":1,"y":1},"s":[100],"t":0},{"o":{"x":0,"y":0},"i":{"x":1,"y":1},"s":[100],"t":0.03000000142492354},{"o":{"x":0,"y":0},"i":{"x":1,"y":1},"s":[100],"t":4.530000180238858},{"o":{"x":0,"y":0},"i":{"x":1,"y":1},"s":[100],"t":4.560000181663781},{"o":{"x":0,"y":0},"i":{"x":1,"y":1},"s":[100],"t":9.060000360477716},{"o":{"x":0,"y":0},"i":{"x":1,"y":1},"s":[100],"t":9.09000036190264},{"o":{"x":0,"y":0},"i":{"x":1,"y":1},"s":[100],"t":13.590000540716574},{"o":{"x":0,"y":0},"i":{"x":1,"y":1},"s":[100],"t":13.620000542141497},{"o":{"x":0,"y":0},"i":{"x":1,"y":1},"s":[100],"t":18.12000072095543},{"s":[100],"t":18.150000722380355}]}},"ef":[],"shapes":[{"ty":"sh","bm":0,"hd":false,"nm":"","d":1,"ks":{"a":1,"k":[{"o":{"x":0,"y":0},"i":{"x":1,"y":1},"s":[{"c":true,"i":[[1.79,0],[8,1.79],[6.21,8],[0,6.21]],"o":[[6.21,0],[8,6.21],[1.79,8],[0,1.79]],"v":[[4,0],[8,4],[4,8],[0,4]]}],"t":0},{"o":{"x":0,"y":0},"i":{"x":1,"y":1},"s":[{"c":true,"i":[[1.79,0],[8,1.79],[6.21,8],[0,6.21]],"o":[[6.21,0],[8,6.21],[1.79,8],[0,1.79]],"v":[[4,0],[8,4],[4,8],[0,4]]}],"t":0.03000000142492354},{"o":{"x":0,"y":0},"i":{"x":1,"y":1},"s":[{"c":true,"i":[[1.79,0],[8,1.79],[6.21,8],[0,6.21]],"o":[[6.21,0],[8,6.21],[1.79,8],[0,1.79]],"v":[[4,0],[8,4],[4,8],[0,4]]}],"t":4.530000180238858},{"o":{"x":0,"y":0},"i":{"x":1,"y":1},"s":[{"c":true,"i":[[1.79,0],[8,1.79],[6.21,8],[0,6.21]],"o":[[6.21,0],[8,6.21],[1.79,8],[0,1.79]],"v":[[4,0],[8,4],[4,8],[0,4]]}],"t":4.560000181663781},{"o":{"x":0,"y":0},"i":{"x":1,"y":1},"s":[{"c":true,"i":[[1.79,0],[8,1.79],[6.21,8],[0,6.21]],"o":[[6.21,0],[8,6.21],[1.79,8],[0,1.79]],"v":[[4,0],[8,4],[4,8],[0,4]]}],"t":9.060000360477716},{"o":{"x":0,"y":0},"i":{"x":1,"y":1},"s":[{"c":true,"i":[[1.79,0],[8,1.79],[6.21,8],[0,6.21]],"o":[[6.21,0],[8,6.21],[1.79,8],[0,1.79]],"v":[[4,0],[8,4],[4,8],[0,4]]}],"t":9.09000036190264},{"o":{"x":0,"y":0},"i":{"x":1,"y":1},"s":[{"c":true,"i":[[1.79,0],[8,1.79],[6.21,8],[0,6.21]],"o":[[6.21,0],[8,6.21],[1.79,8],[0,1.79]],"v":[[4,0],[8,4],[4,8],[0,4]]}],"t":13.590000540716574},{"o":{"x":0,"y":0},"i":{"x":1,"y":1},"s":[{"c":true,"i":[[1.79,0],[8,1.79],[6.21,8],[0,6.21]],"o":[[6.21,0],[8,6.21],[1.79,8],[0,1.79]],"v":[[4,0],[8,4],[4,8],[0,4]]}],"t":13.620000542141497},{"o":{"x":0,"y":0},"i":{"x":1,"y":1},"s":[{"c":true,"i":[[1.79,0],[8,1.79],[6.21,8],[0,6.21]],"o":[[6.21,0],[8,6.21],[1.79,8],[0,1.79]],"v":[[4,0],[8,4],[4,8],[0,4]]}],"t":18.12000072095543},{"s":[{"c":true,"i":[[1.79,0],[8,1.79],[6.21,8],[0,6.21]],"o":[[6.21,0],[8,6.21],[1.79,8],[0,1.79]],"v":[[4,0],[8,4],[4,8],[0,4]]}],"t":18.150000722380355}]},"_render":true},{"ty":"fl","bm":0,"hd":false,"nm":"","c":{"a":1,"k":[{"o":{"x":0,"y":0},"i":{"x":1,"y":1},"s":[0.851,0.149,0,1],"t":0},{"o":{"x":0,"y":0},"i":{"x":1,"y":1},"s":[0.851,0.149,0,1],"t":0.03000000142492354},{"o":{"x":0,"y":0},"i":{"x":1,"y":1},"s":[0.851,0.149,0,1],"t":4.530000180238858},{"o":{"x":0,"y":0},"i":{"x":1,"y":1},"s":[0.851,0.149,0,1],"t":4.560000181663781},{"o":{"x":0,"y":0},"i":{"x":1,"y":1},"s":[0.851,0.149,0,1],"t":9.060000360477716},{"o":{"x":0,"y":0},"i":{"x":1,"y":1},"s":[0.851,0.149,0,1],"t":9.09000036190264},{"o":{"x":0,"y":0},"i":{"x":1,"y":1},"s":[0.851,0.149,0,1],"t":13.590000540716574},{"o":{"x":0,"y":0},"i":{"x":1,"y":1},"s":[0.851,0.149,0,1],"t":13.620000542141497},{"o":{"x":0,"y":0},"i":{"x":1,"y":1},"s":[0.851,0.149,0,1],"t":18.12000072095543},{"s":[0.851,0.149,0,1],"t":18.150000722380355}]},"r":1,"o":{"a":1,"k":[{"o":{"x":0,"y":0},"i":{"x":1,"y":1},"s":[100],"t":0},{"o":{"x":0,"y":0},"i":{"x":1,"y":1},"s":[100],"t":0.03000000142492354},{"o":{"x":0,"y":0},"i":{"x":1,"y":1},"s":[100],"t":4.530000180238858},{"o":{"x":0,"y":0},"i":{"x":1,"y":1},"s":[100],"t":4.560000181663781},{"o":{"x":0,"y":0},"i":{"x":1,"y":1},"s":[100],"t":9.060000360477716},{"o":{"x":0,"y":0},"i":{"x":1,"y":1},"s":[100],"t":9.09000036190264},{"o":{"x":0,"y":0},"i":{"x":1,"y":1},"s":[100],"t":13.590000540716574},{"o":{"x":0,"y":0},"i":{"x":1,"y":1},"s":[100],"t":13.620000542141497},{"o":{"x":0,"y":0},"i":{"x":1,"y":1},"s":[100],"t":18.12000072095543},{"s":[100],"t":18.150000722380355}]},"_render":true}],"ind":4,"completed":true}],"v":"5.7.0","fr":30,"op":18.150000722380355,"ip":0,"assets":[],"__complete":true}